{"_timestamp":1.783787659406967e+09,"_wandb":{"runtime":333},"_runtime":333,"_step":0,"validation_mae":1516.8265759917374,"validation_wmae":1553.8913790721597}