{"final_validation_wmae":1417.7525071909608,"final_validation_mae":1310.2080078125,"_runtime":531,"val_wmae":1438.0315011184962,"epoch":14,"train_loss":0.16992742006485764,"_step":18,"val_predictions_plot":{"sha256":"19029fb51d629040b9d33463d73dc9cbf0ef0be941a4bf666ff038f1daa6a337","size":45683,"path":"media/images/val_predictions_plot_17_19029fb51d629040b9d3.png","format":"png","width":1000,"height":600,"_type":"image-file"},"dlinear_weights_plot":{"path":"media/images/dlinear_weights_plot_18_5a1d396ce8eb9e4eac57.png","format":"png","width":1000,"height":400,"_type":"image-file","sha256":"5a1d396ce8eb9e4eac57324cf869ef054958e07c86decbb6cb67963e0d60bcfa","size":60544},"train_wmae":1641.4673169345401,"train_mae":1644.6964111328125,"_timestamp":1.7838587470300345e+09,"val_mae":1348.0771484375,"_wandb":{"runtime":531}}