{"_timestamp":1.7837727963350053e+09,"_step":0,"_wandb":{"runtime":331},"_runtime":331,"validation_mae":1516.8265759917374,"validation_wmae":1553.8913790721597}