{"dlinear_weights_plot":{"_type":"image-file","sha256":"5a1d396ce8eb9e4eac57324cf869ef054958e07c86decbb6cb67963e0d60bcfa","size":60544,"path":"media/images/dlinear_weights_plot_18_5a1d396ce8eb9e4eac57.png","format":"png","width":1000,"height":400},"train_mae":1644.6964111328125,"train_wmae":1641.4673169345401,"val_predictions_plot":{"width":1000,"height":600,"_type":"image-file","sha256":"19029fb51d629040b9d33463d73dc9cbf0ef0be941a4bf666ff038f1daa6a337","size":45683,"path":"media/images/val_predictions_plot_17_19029fb51d629040b9d3.png","format":"png"},"epoch":14,"final_validation_mae":1310.2080078125,"_runtime":340,"_timestamp":1.783762513306533e+09,"val_wmae":1438.0315011184962,"_step":18,"_wandb":{"runtime":340},"train_loss":0.16992742006485764,"final_validation_wmae":1417.7525071909608,"val_mae":1348.0771484375}